<?xml version="1.0" encoding="UTF-8"?>
<project-private xmlns="http://www.netbeans.org/ns/project-private/1">
    <editor-bookmarks xmlns="http://www.netbeans.org/ns/editor-bookmarks/2" lastBookmarkId="0"/>
    <open-files xmlns="http://www.netbeans.org/ns/projectui-open-files/2">
        <group>
            <file>file:/Applications/MAMP/htdocs/basketball/classes/usermanagement.php</file>
            <file>file:/Applications/MAMP/htdocs/basketball/individualplayerstats.php</file>
            <file>file:/Applications/MAMP/htdocs/basketball/playermgt-delplayer.php</file>
            <file>file:/Applications/MAMP/htdocs/basketball/index.php</file>
            <file>file:/Applications/MAMP/htdocs/basketball/classes/attendance.php</file>
            <file>file:/Applications/MAMP/htdocs/basketball/playermgt-editplayer.php</file>
            <file>file:/Applications/MAMP/htdocs/basketball/head.php</file>
            <file>file:/Applications/MAMP/htdocs/basketball/classes/teams.php</file>
            <file>file:/Applications/MAMP/htdocs/basketball/usermgt-deluser.php</file>
            <file>file:/Applications/MAMP/htdocs/basketball/playermgt.php</file>
            <file>file:/Applications/MAMP/htdocs/basketball/teammgt-editteam.php</file>
            <file>file:/Applications/MAMP/htdocs/basketball/teammgt-delteam.php</file>
            <file>file:/Applications/MAMP/htdocs/basketball/usermgt.php</file>
            <file>file:/Applications/MAMP/htdocs/basketball/home.php</file>
            <file>file:/Applications/MAMP/htdocs/basketball/attendance.php</file>
            <file>file:/Applications/MAMP/htdocs/basketball/addattendance.php</file>
            <file>file:/Applications/MAMP/htdocs/basketball/teammgt.php</file>
            <file>file:/Applications/MAMP/htdocs/basketball/classes/players.php</file>
            <file>file:/Applications/MAMP/htdocs/basketball/scripts/jquery-3.6.0.js</file>
            <file>file:/Applications/MAMP/htdocs/basketball/template.html</file>
            <file>file:/Applications/MAMP/htdocs/basketball/teammgt-addteam.php</file>
            <file>file:/Applications/MAMP/htdocs/basketball/scripts/popper.min.js</file>
            <file>file:/Applications/MAMP/htdocs/basketball/classes/database.php</file>
            <file>file:/Applications/MAMP/htdocs/basketball/usermgt-adduser.php</file>
            <file>file:/Applications/MAMP/htdocs/basketball/playermgt-addplayer.php</file>
            <file>file:/Applications/MAMP/htdocs/basketball/logout.php</file>
        </group>
    </open-files>
</project-private>
